CREATE DATABASE  IF NOT EXISTS `videoservicedb` /*!40100 DEFAULT CHARACTER SET utf8mb4 COLLATE utf8mb4_0900_ai_ci */ /*!80016 DEFAULT ENCRYPTION='N' */;
USE `videoservicedb`;
-- MySQL dump 10.13  Distrib 8.0.19, for Win64 (x86_64)
--
-- Host: localhost    Database: videoservicedb
-- ------------------------------------------------------
-- Server version	8.0.19

/*!40101 SET @OLD_CHARACTER_SET_CLIENT=@@CHARACTER_SET_CLIENT */;
/*!40101 SET @OLD_CHARACTER_SET_RESULTS=@@CHARACTER_SET_RESULTS */;
/*!40101 SET @OLD_COLLATION_CONNECTION=@@COLLATION_CONNECTION */;
/*!50503 SET NAMES utf8 */;
/*!40103 SET @OLD_TIME_ZONE=@@TIME_ZONE */;
/*!40103 SET TIME_ZONE='+00:00' */;
/*!40014 SET @OLD_UNIQUE_CHECKS=@@UNIQUE_CHECKS, UNIQUE_CHECKS=0 */;
/*!40014 SET @OLD_FOREIGN_KEY_CHECKS=@@FOREIGN_KEY_CHECKS, FOREIGN_KEY_CHECKS=0 */;
/*!40101 SET @OLD_SQL_MODE=@@SQL_MODE, SQL_MODE='NO_AUTO_VALUE_ON_ZERO' */;
/*!40111 SET @OLD_SQL_NOTES=@@SQL_NOTES, SQL_NOTES=0 */;

--
-- Table structure for table `comment`
--

DROP TABLE IF EXISTS `comment`;
/*!40101 SET @saved_cs_client     = @@character_set_client */;
/*!50503 SET character_set_client = utf8mb4 */;
CREATE TABLE `comment` (
  `id` bigint NOT NULL AUTO_INCREMENT,
  `channelId` bigint NOT NULL,
  `publishedDate` datetime(6) DEFAULT NULL,
  `text` varchar(255) NOT NULL,
  `username` varchar(255) NOT NULL,
  `Video_Comment` bigint DEFAULT NULL,
  PRIMARY KEY (`id`),
  KEY `FKl280jpwa26hgwoiis9mh4bfxp` (`Video_Comment`),
  CONSTRAINT `FKl280jpwa26hgwoiis9mh4bfxp` FOREIGN KEY (`Video_Comment`) REFERENCES `video` (`id`)
) ENGINE=InnoDB AUTO_INCREMENT=9 DEFAULT CHARSET=utf8mb4 COLLATE=utf8mb4_0900_ai_ci;
/*!40101 SET character_set_client = @saved_cs_client */;

--
-- Dumping data for table `comment`
--

LOCK TABLES `comment` WRITE;
/*!40000 ALTER TABLE `comment` DISABLE KEYS */;
INSERT INTO `comment` VALUES (7,16,'2020-06-17 10:39:23.545000','Comment','marwan@test.com',18),(8,16,'2020-06-17 10:41:50.809000','Test','marwan@test.com',20);
/*!40000 ALTER TABLE `comment` ENABLE KEYS */;
UNLOCK TABLES;

--
-- Table structure for table `video`
--

DROP TABLE IF EXISTS `video`;
/*!40101 SET @saved_cs_client     = @@character_set_client */;
/*!50503 SET character_set_client = utf8mb4 */;
CREATE TABLE `video` (
  `id` bigint NOT NULL AUTO_INCREMENT,
  `channelNumber` bigint NOT NULL,
  `description` varchar(255) DEFAULT NULL,
  `isbanned` bit(1) NOT NULL,
  `publishedDate` datetime(6) DEFAULT NULL,
  `videoTitle` varchar(100) NOT NULL,
  `videoUrl` varchar(255) DEFAULT NULL,
  `isActive` bit(1) NOT NULL,
  PRIMARY KEY (`id`)
) ENGINE=InnoDB AUTO_INCREMENT=27 DEFAULT CHARSET=utf8mb4 COLLATE=utf8mb4_0900_ai_ci;
/*!40101 SET character_set_client = @saved_cs_client */;

--
-- Dumping data for table `video`
--

LOCK TABLES `video` WRITE;
/*!40000 ALTER TABLE `video` DISABLE KEYS */;
INSERT INTO `video` VALUES (18,15,'Tips In Pool',_binary '\0','2020-06-17 09:19:31.347000','Tips In Pool','18.mp4',_binary ''),(19,15,'Best Wild Animal Chases',_binary '\0','2020-06-17 09:53:32.117000','Best Wild Animal Chases','19.mp4',_binary '\0'),(20,15,'Sport',_binary '\0','2020-06-17 10:05:47.902000','Sport','20.mp4',_binary ''),(21,15,'Sport',_binary '\0','2020-06-17 10:06:05.428000','Sport','21.mp4',_binary '\0'),(22,16,'Kids 1',_binary '\0','2020-06-17 10:13:29.715000','Kids 1','22.mp4',_binary ''),(23,16,'Kids 2',_binary '\0','2020-06-17 10:32:37.783000','Kids 2','23.mp4',_binary ''),(24,16,'A Beginner\'s Guide to American Football _ NFL',_binary '\0','2020-06-17 20:42:42.704000','A Beginner\'s Guide to American Football _ NFL','24.mp4',_binary ''),(25,16,'Movie Trailer',_binary '\0','2020-06-17 21:23:56.426000','Movie Trailer','25.mp4',_binary '\0'),(26,16,'Movie Trailer',_binary '\0','2020-06-17 21:25:23.755000','Movie Trailer','26.mp4',_binary '');
/*!40000 ALTER TABLE `video` ENABLE KEYS */;
UNLOCK TABLES;

--
-- Table structure for table `videolike`
--

DROP TABLE IF EXISTS `videolike`;
/*!40101 SET @saved_cs_client     = @@character_set_client */;
/*!50503 SET character_set_client = utf8mb4 */;
CREATE TABLE `videolike` (
  `id` bigint NOT NULL AUTO_INCREMENT,
  `likeDate` datetime(6) DEFAULT NULL,
  `userId` bigint NOT NULL,
  `video_Like` bigint DEFAULT NULL,
  PRIMARY KEY (`id`),
  KEY `FKp4n25gshnt8eyo2irkronyvkw` (`video_Like`),
  CONSTRAINT `FKp4n25gshnt8eyo2irkronyvkw` FOREIGN KEY (`video_Like`) REFERENCES `video` (`id`)
) ENGINE=InnoDB AUTO_INCREMENT=10 DEFAULT CHARSET=utf8mb4 COLLATE=utf8mb4_0900_ai_ci;
/*!40101 SET character_set_client = @saved_cs_client */;

--
-- Dumping data for table `videolike`
--

LOCK TABLES `videolike` WRITE;
/*!40000 ALTER TABLE `videolike` DISABLE KEYS */;
INSERT INTO `videolike` VALUES (9,'2020-06-17 11:00:18.681000',21,18);
/*!40000 ALTER TABLE `videolike` ENABLE KEYS */;
UNLOCK TABLES;

--
-- Table structure for table `view`
--

DROP TABLE IF EXISTS `view`;
/*!40101 SET @saved_cs_client     = @@character_set_client */;
/*!50503 SET character_set_client = utf8mb4 */;
CREATE TABLE `view` (
  `id` bigint NOT NULL AUTO_INCREMENT,
  `viewDate` datetime(6) DEFAULT NULL,
  `video_view` bigint DEFAULT NULL,
  PRIMARY KEY (`id`),
  KEY `FKrtdge1eesvapgjrslt4vh9cfy` (`video_view`),
  CONSTRAINT `FKrtdge1eesvapgjrslt4vh9cfy` FOREIGN KEY (`video_view`) REFERENCES `video` (`id`)
) ENGINE=InnoDB AUTO_INCREMENT=255 DEFAULT CHARSET=utf8mb4 COLLATE=utf8mb4_0900_ai_ci;
/*!40101 SET character_set_client = @saved_cs_client */;

--
-- Dumping data for table `view`
--

LOCK TABLES `view` WRITE;
/*!40000 ALTER TABLE `view` DISABLE KEYS */;
INSERT INTO `view` VALUES (143,'2020-06-17 09:24:02.378000',18),(144,'2020-06-17 09:24:26.799000',18),(145,'2020-06-17 09:26:04.141000',18),(146,'2020-06-17 09:27:22.308000',18),(147,'2020-06-17 09:27:32.385000',18),(148,'2020-06-17 09:27:40.485000',18),(149,'2020-06-17 09:27:54.323000',18),(150,'2020-06-17 09:29:04.471000',18),(151,'2020-06-17 09:33:03.388000',18),(152,'2020-06-17 09:33:08.094000',18),(153,'2020-06-17 09:37:19.677000',18),(154,'2020-06-17 09:50:52.978000',18),(155,'2020-06-17 10:10:00.398000',20),(156,'2020-06-17 10:11:16.819000',18),(157,'2020-06-17 10:12:38.077000',18),(158,'2020-06-17 10:22:48.319000',22),(159,'2020-06-17 10:23:01.847000',22),(160,'2020-06-17 10:23:23.833000',22),(161,'2020-06-17 10:39:16.307000',23),(162,'2020-06-17 10:39:18.165000',18),(163,'2020-06-17 10:41:14.424000',18),(164,'2020-06-17 10:41:45.162000',20),(165,'2020-06-17 10:42:00.632000',23),(166,'2020-06-17 10:42:18.377000',23),(167,'2020-06-17 10:42:31.498000',18),(168,'2020-06-17 10:42:39.363000',22),(169,'2020-06-17 10:42:45.210000',18),(170,'2020-06-17 10:42:52.109000',18),(171,'2020-06-17 10:46:23.365000',18),(172,'2020-06-17 10:46:25.978000',22),(173,'2020-06-17 10:46:28.341000',23),(174,'2020-06-17 10:47:05.590000',23),(175,'2020-06-17 10:47:07.712000',18),(176,'2020-06-17 10:47:13.721000',22),(177,'2020-06-17 10:47:20.124000',22),(178,'2020-06-17 10:48:32.966000',22),(179,'2020-06-17 10:48:35.417000',18),(180,'2020-06-17 10:48:39.724000',20),(181,'2020-06-17 10:48:41.585000',23),(182,'2020-06-17 10:49:37.481000',23),(183,'2020-06-17 10:49:42.691000',18),(184,'2020-06-17 10:50:57.932000',18),(185,'2020-06-17 10:51:03.645000',22),(186,'2020-06-17 10:51:06.630000',23),(187,'2020-06-17 10:51:33.079000',23),(188,'2020-06-17 10:51:35.646000',18),(189,'2020-06-17 10:52:16.100000',18),(190,'2020-06-17 10:52:19.666000',22),(191,'2020-06-17 10:52:53.828000',22),(192,'2020-06-17 10:52:56.645000',18),(193,'2020-06-17 10:53:12.556000',18),(194,'2020-06-17 10:53:28.753000',22),(195,'2020-06-17 10:57:01.446000',22),(196,'2020-06-17 10:57:05.629000',18),(197,'2020-06-17 10:57:50.422000',18),(198,'2020-06-17 10:57:53.915000',22),(199,'2020-06-17 10:57:56.038000',23),(200,'2020-06-17 10:59:32.898000',23),(201,'2020-06-17 10:59:38.856000',23),(202,'2020-06-17 10:59:41.307000',20),(203,'2020-06-17 10:59:44.423000',22),(204,'2020-06-17 10:59:46.503000',18),(205,'2020-06-17 10:59:56.420000',18),(206,'2020-06-17 11:00:21.453000',18),(207,'2020-06-17 11:00:45.555000',18),(208,'2020-06-17 11:01:13.951000',18),(209,'2020-06-17 11:01:47.203000',18),(210,'2020-06-17 11:02:53.358000',18),(211,'2020-06-17 11:02:58.840000',18),(212,'2020-06-17 11:04:04.279000',18),(213,'2020-06-17 11:04:10.629000',18),(214,'2020-06-17 11:04:26.236000',18),(215,'2020-06-17 11:05:24.251000',18),(216,'2020-06-17 11:11:53.872000',18),(217,'2020-06-17 11:12:45.005000',18),(218,'2020-06-17 11:13:44.915000',18),(219,'2020-06-17 11:13:50.823000',18),(220,'2020-06-17 11:15:00.278000',18),(221,'2020-06-17 11:15:07.821000',18),(222,'2020-06-17 11:15:32.671000',18),(223,'2020-06-17 11:16:35.917000',18),(224,'2020-06-17 11:17:30.713000',18),(225,'2020-06-17 11:19:14.739000',18),(226,'2020-06-17 11:23:25.910000',18),(227,'2020-06-17 11:26:01.568000',18),(228,'2020-06-17 11:26:41.571000',18),(229,'2020-06-17 11:26:57.322000',18),(230,'2020-06-17 11:27:10.935000',18),(231,'2020-06-17 11:27:18.707000',18),(232,'2020-06-17 11:28:00.962000',18),(233,'2020-06-17 11:28:01.068000',18),(234,'2020-06-17 11:28:13.500000',18),(235,'2020-06-17 11:28:18.087000',18),(236,'2020-06-17 11:28:19.426000',18),(237,'2020-06-17 11:31:51.187000',18),(238,'2020-06-17 11:32:09.359000',18),(239,'2020-06-17 11:32:47.939000',18),(240,'2020-06-17 11:33:16.091000',18),(241,'2020-06-17 11:34:35.797000',18),(242,'2020-06-17 11:34:47.430000',18),(243,'2020-06-17 11:35:39.236000',18),(244,'2020-06-17 11:36:04.643000',18),(245,'2020-06-17 11:46:21.221000',23),(246,'2020-06-17 11:46:59.238000',22),(247,'2020-06-17 20:51:18.595000',24),(248,'2020-06-17 20:51:52.155000',24),(249,'2020-06-17 20:52:12.705000',24),(250,'2020-06-17 21:05:45.498000',24),(251,'2020-06-17 21:27:27.275000',26),(252,'2020-06-17 21:30:14.569000',24),(253,'2020-06-17 21:30:30.771000',26),(254,'2020-06-17 21:30:54.609000',24);
/*!40000 ALTER TABLE `view` ENABLE KEYS */;
UNLOCK TABLES;
/*!40103 SET TIME_ZONE=@OLD_TIME_ZONE */;

/*!40101 SET SQL_MODE=@OLD_SQL_MODE */;
/*!40014 SET FOREIGN_KEY_CHECKS=@OLD_FOREIGN_KEY_CHECKS */;
/*!40014 SET UNIQUE_CHECKS=@OLD_UNIQUE_CHECKS */;
/*!40101 SET CHARACTER_SET_CLIENT=@OLD_CHARACTER_SET_CLIENT */;
/*!40101 SET CHARACTER_SET_RESULTS=@OLD_CHARACTER_SET_RESULTS */;
/*!40101 SET COLLATION_CONNECTION=@OLD_COLLATION_CONNECTION */;
/*!40111 SET SQL_NOTES=@OLD_SQL_NOTES */;

-- Dump completed on 2020-06-18 22:25:08
